Datetime,Water Level (m)
2025-02-16 00:00:00,-1.3532665
2025-02-16 01:00:00,-0.95465314
2025-02-16 02:00:00,-0.39480075
2025-02-16 03:00:00,0.16103464
2025-02-16 04:00:00,0.5827617
2025-02-16 05:00:00,0.7558247
2025-02-16 06:00:00,0.60976714
2025-02-16 07:00:00,0.21543425
2025-02-16 08:00:00,-0.2956762
2025-02-16 09:00:00,-0.80631745
2025-02-16 10:00:00,-1.1910514
2025-02-16 11:00:00,-1.3674275
2025-02-16 12:00:00,-1.2555896
2025-02-16 13:00:00,-0.8645865
2025-02-16 14:00:00,-0.34293053
2025-02-16 15:00:00,0.16847251
2025-02-16 16:00:00,0.5644159
2025-02-16 17:00:00,0.76464516
2025-02-16 18:00:00,0.6581094
2025-02-16 19:00:00,0.2805179
2025-02-16 20:00:00,-0.24135172
2025-02-16 21:00:00,-0.7861592
2025-02-16 22:00:00,-1.2581327
2025-02-16 23:00:00,-1.5365198
2025-02-17 00:00:00,-1.5032935
2025-02-17 01:00:00,-1.1327424
2025-02-17 02:00:00,-0.60943353
2025-02-17 03:00:00,-0.08838633
2025-02-17 04:00:00,0.3292645
2025-02-17 05:00:00,0.5795142
2025-02-17 06:00:00,0.5861076
2025-02-17 07:00:00,0.34144244
2025-02-17 08:00:00,-0.064479984
2025-02-17 09:00:00,-0.5181709
2025-02-17 10:00:00,-0.91782767
2025-02-17 11:00:00,-1.198694
2025-02-17 12:00:00,-1.2636287
2025-02-17 13:00:00,-1.0417567
2025-02-17 14:00:00,-0.609406
2025-02-17 15:00:00,-0.12288415
2025-02-17 16:00:00,0.30249208
2025-02-17 17:00:00,0.58511734
2025-02-17 18:00:00,0.6038578
2025-02-17 19:00:00,0.33203802
2025-02-17 20:00:00,-0.09710082
2025-02-17 21:00:00,-0.57417214
2025-02-17 22:00:00,-1.0096973
2025-02-17 23:00:00,-1.318138
2025-02-18 00:00:00,-1.4118164
2025-02-18 01:00:00,-1.24109
2025-02-18 02:00:00,-0.848172
2025-02-18 03:00:00,-0.36595148
2025-02-18 04:00:00,0.06810915
2025-02-18 05:00:00,0.3800388
2025-02-18 06:00:00,0.5180473
2025-02-18 07:00:00,0.42359447
2025-02-18 08:00:00,0.12979399
2025-02-18 09:00:00,-0.2586825
2025-02-18 10:00:00,-0.6349861
2025-02-18 11:00:00,-0.9314242
2025-02-18 12:00:00,-1.0990279
2025-02-18 13:00:00,-1.0443791
2025-02-18 14:00:00,-0.7444782
2025-02-18 15:00:00,-0.33453777
2025-02-18 16:00:00,0.04535995
2025-02-18 17:00:00,0.31726143
2025-02-18 18:00:00,0.41857302
2025-02-18 19:00:00,0.30837792
2025-02-18 20:00:00,0.0216528
2025-02-18 21:00:00,-0.36379635
2025-02-18 22:00:00,-0.75811434
2025-02-18 23:00:00,-1.0749078
2025-02-19 00:00:00,-1.2505695
2025-02-19 01:00:00,-1.2176007
2025-02-19 02:00:00,-0.97078085
2025-02-19 03:00:00,-0.5990268
2025-02-19 04:00:00,-0.20389079
2025-02-19 05:00:00,0.12686917
2025-02-19 06:00:00,0.34791192
2025-02-19 07:00:00,0.3910031
2025-02-19 08:00:00,0.23795189
2025-02-19 09:00:00,-0.043456666
2025-02-19 10:00:00,-0.35734096
2025-02-19 11:00:00,-0.6393717
2025-02-19 12:00:00,-0.8419192
2025-02-19 13:00:00,-0.892698
2025-02-19 14:00:00,-0.7711778
2025-02-19 15:00:00,-0.5155669
2025-02-19 16:00:00,-0.20126271
2025-02-19 17:00:00,0.041231606
2025-02-19 18:00:00,0.17735653
2025-02-19 19:00:00,0.19714333
2025-02-19 20:00:00,0.063187756
2025-02-19 21:00:00,-0.21316774
2025-02-19 22:00:00,-0.5637077
2025-02-19 23:00:00,-0.8597671
2025-02-20 00:00:00,-1.0347759
2025-02-20 01:00:00,-1.0910282
2025-02-20 02:00:00,-1.0219678
2025-02-20 03:00:00,-0.7837837
2025-02-20 04:00:00,-0.46004364
2025-02-20 05:00:00,-0.16622189
2025-02-20 06:00:00,0.06507385
2025-02-20 07:00:00,0.20458463
2025-02-20 08:00:00,0.21505062
2025-02-20 09:00:00,0.090674624
2025-02-20 10:00:00,-0.12633473
2025-02-20 11:00:00,-0.3664116
2025-02-20 12:00:00,-0.57496125
2025-02-20 13:00:00,-0.6991384
2025-02-20 14:00:00,-0.7047671
2025-02-20 15:00:00,-0.59641874
2025-02-20 16:00:00,-0.42630756
2025-02-20 17:00:00,-0.24561173
2025-02-20 18:00:00,-0.09608389
2025-02-20 19:00:00,-0.028478442
2025-02-20 20:00:00,-0.06693497
2025-02-20 21:00:00,-0.20630328
2025-02-20 22:00:00,-0.41018564
2025-02-20 23:00:00,-0.6362703
2025-02-21 00:00:00,-0.8132341
2025-02-21 01:00:00,-0.91701156
2025-02-21 02:00:00,-0.94792604
2025-02-21 03:00:00,-0.8796973
2025-02-21 04:00:00,-0.69996095
2025-02-21 05:00:00,-0.43623567
2025-02-21 06:00:00,-0.1862811
2025-02-21 07:00:00,-0.038893156
2025-02-21 08:00:00,0.025676243
2025-02-21 09:00:00,0.057297412
2025-02-21 10:00:00,0.018894058
2025-02-21 11:00:00,-0.116496935
2025-02-21 12:00:00,-0.28027034
2025-02-21 13:00:00,-0.41473344
2025-02-21 14:00:00,-0.5296131
2025-02-21 15:00:00,-0.6002865
2025-02-21 16:00:00,-0.5785239
2025-02-21 17:00:00,-0.49335718
2025-02-21 18:00:00,-0.40057495
2025-02-21 19:00:00,-0.31948262
2025-02-21 20:00:00,-0.24908854
2025-02-21 21:00:00,-0.234102
2025-02-21 22:00:00,-0.32252324
2025-02-21 23:00:00,-0.45747077
2025-02-22 00:00:00,-0.579301
